Date,Product,Region,Customer_Type,Quantity,Price,Discount,Revenue
2024-01-04,Pilates,South,Member,37,70.19,0.22,2025.68
2024-03-24,CrossFit,North,Non-member,9,30.37,0.05,259.66
2024-10-04,Yoga,South,Non-member,26,65.73,0.12,1503.9
2024-10-20,Zumba,South,Member,23,20.26,0.08,428.7
2024-03-05,Zumba,West,Non-member,42,31.81,0.17,1108.9
2024-09-23,Yoga,West,Member,30,78.35,0.04,2256.48
2024-10-25,Zumba,South,Member,27,24.59,0.15,564.34
2024-03-14,Zumba,South,Non-member,50,89.7,0.08,4126.2
2024-09-08,Yoga,North,Non-member,23,99.82,0.22,1790.77
2024-05-23,Pilates,North,Member,16,58.37,0.0,933.92
2024-01-27,Pilates,West,Non-member,22,68.23,0.08,1380.98
2024-01-09,CrossFit,South,Member,38,85.65,0.09,2961.78
2024-11-27,Yoga,West,Member,23,73.82,0.27,1239.44
2024-09-06,Zumba,East,Member,38,84.39,0.15,2725.8
2024-05-31,Yoga,South,Non-member,41,92.78,0.3,2662.79
2024-09-16,Yoga,South,Member,17,47.65,0.09,737.15
2024-08-20,Yoga,West,Non-member,39,81.67,0.24,2420.7
2024-06-21,Zumba,East,Non-member,44,24.66,0.2,868.03
2024-09-15,Yoga,West,Non-member,33,89.76,0.17,2458.53
2024-09-19,Zumba,East,Member,44,23.18,0.1,917.93
2024-01-02,Zumba,South,Non-member,6,57.02,0.14,294.22
2024-03-25,CrossFit,East,Non-member,13,73.7,0.08,881.45
2024-09-18,CrossFit,North,Non-member,47,78.05,0.08,3374.88
2024-11-18,Pilates,South,Non-member,40,26.6,0.13,925.68
2024-01-29,Yoga,North,Non-member,15,68.97,0.24,786.26
2024-10-29,CrossFit,South,Member,2,19.11,0.09,34.78
2024-01-29,Pilates,East,Member,45,15.37,0.28,497.99
2024-11-03,CrossFit,South,Member,43,95.56,0.02,4026.9
2024-09-02,CrossFit,North,Non-member,11,88.8,0.04,937.73
2024-01-20,Zumba,West,Member,38,50.99,0.21,1530.72
2024-11-17,CrossFit,West,Member,19,34.8,0.29,469.45
2024-08-25,CrossFit,South,Non-member,9,60.93,0.18,449.66
2024-11-21,Pilates,West,Member,27,92.34,0.08,2293.73
2024-02-22,Pilates,West,Member,7,24.65,0.18,141.49
2024-09-08,CrossFit,South,Non-member,22,66.42,0.13,1271.28
2024-01-10,CrossFit,South,Non-member,7,66.45,0.29,330.26
2024-09-17,Zumba,North,Non-member,10,73.41,0.25,550.57
2024-01-21,Zumba,South,Non-member,48,79.32,0.1,3426.62
2024-12-23,Zumba,East,Member,26,64.67,0.16,1412.39
2024-04-22,Yoga,East,Non-member,1,48.27,0.24,36.69
2024-04-30,Pilates,North,Member,42,28.1,0.15,1003.17
2024-12-07,Pilates,North,Non-member,29,40.43,0.16,984.87
2024-06-17,CrossFit,South,Member,12,27.62,0.0,331.44
2024-11-12,Yoga,East,Member,41,85.86,0.25,2640.2
2024-02-15,Zumba,East,Non-member,44,57.12,0.01,2488.15
2024-03-03,Zumba,South,Non-member,34,92.8,0.17,2618.82
2024-09-27,Pilates,West,Non-member,4,25.91,0.23,79.8
2024-06-05,CrossFit,North,Member,25,85.98,0.15,1827.08
2024-10-10,Pilates,South,Member,41,86.49,0.18,2907.79
2024-08-22,Pilates,West,Member,41,52.83,0.04,2079.39
2024-08-27,Zumba,North,Non-member,20,33.78,0.25,506.7
2024-04-07,Pilates,West,Non-member,47,58.48,0.06,2583.65
2024-05-12,Pilates,East,Member,23,56.26,0.11,1151.64
2024-05-28,Yoga,West,Non-member,25,34.63,0.23,666.63
2024-03-13,Yoga,East,Member,48,67.04,0.07,2992.67
2024-02-18,CrossFit,West,Non-member,35,84.99,0.18,2439.21
2024-05-12,Zumba,East,Member,6,88.85,0.14,458.47
2024-10-30,Pilates,East,Member,16,63.67,0.04,977.97
2024-10-15,Yoga,North,Non-member,43,96.88,0.02,4082.52
2024-02-04,CrossFit,East,Member,2,71.03,0.26,105.12
2024-05-22,Pilates,South,Non-member,14,98.63,0.08,1270.35
2024-09-19,CrossFit,West,Member,13,96.15,0.13,1087.46
2024-09-25,CrossFit,West,Non-member,11,34.85,0.04,368.02
2024-06-29,Yoga,South,Member,16,20.89,0.08,307.5
2024-06-19,Zumba,North,Non-member,49,24.13,0.08,1087.78
2024-04-26,Zumba,North,Non-member,8,40.44,0.11,287.93
2024-05-27,Yoga,North,Non-member,34,50.2,0.1,1536.12
2024-11-15,Pilates,South,Non-member,28,14.08,0.16,331.16
2024-05-06,Pilates,South,Non-member,25,47.73,0.09,1085.86
2024-08-14,Zumba,West,Non-member,31,41.92,0.14,1117.59
2024-07-14,Pilates,West,Member,15,77.42,0.18,952.27
2024-03-29,Yoga,West,Member,50,60.99,0.09,2775.04
2024-03-10,CrossFit,West,Member,28,48.48,0.01,1343.87
2024-04-29,Zumba,North,Member,12,61.37,0.12,648.07
2024-07-29,Zumba,West,Non-member,50,79.71,0.13,3467.38
2024-02-15,CrossFit,South,Member,39,35.21,0.2,1098.55
2024-07-10,Zumba,West,Member,17,75.63,0.25,964.28
2024-09-02,Zumba,North,Non-member,20,65.82,0.2,1053.12
2024-10-16,Yoga,West,Member,3,35.62,0.1,96.17
2024-11-17,Zumba,North,Non-member,10,48.76,0.06,458.34
2024-04-16,Pilates,South,Non-member,8,28.32,0.07,210.7
2024-03-22,Zumba,West,Member,16,68.41,0.22,853.76
2024-04-11,CrossFit,West,Non-member,5,40.71,0.07,189.3
2024-02-08,Yoga,South,Member,45,26.46,0.11,1059.72
2024-01-30,Zumba,East,Non-member,36,37.75,0.04,1304.64
2024-12-12,Yoga,West,Non-member,41,30.15,0.03,1199.07
2024-11-04,Pilates,North,Member,34,34.03,0.18,948.76
2024-10-06,Pilates,South,Non-member,31,15.48,0.1,431.89
2024-10-22,Yoga,South,Non-member,28,77.67,0.23,1674.57
2024-09-29,CrossFit,East,Member,8,78.01,0.07,580.39
2024-03-27,Pilates,East,Non-member,38,78.36,0.19,2411.92
2024-01-30,CrossFit,East,Non-member,39,42.5,0.22,1292.85
2024-02-25,Pilates,West,Non-member,32,10.95,0.23,269.81
2024-02-21,Pilates,North,Member,11,92.52,0.17,844.71
2024-06-08,CrossFit,North,Non-member,19,72.73,0.21,1091.68
2024-10-12,Yoga,North,Member,37,13.79,0.11,454.1
2024-07-17,Zumba,West,Member,42,72.37,0.24,2310.05
2024-02-15,Zumba,South,Non-member,50,75.32,0.04,3615.36
2024-03-17,Pilates,West,Non-member,16,30.2,0.24,367.23
2024-12-17,Zumba,East,Member,13,92.44,0.23,925.32
2024-06-20,Zumba,South,Non-member,9,72.53,0.1,587.49
2024-12-26,Pilates,North,Non-member,38,35.51,0.24,1025.53
2024-06-06,CrossFit,East,Non-member,33,44.76,0.11,1314.6
2024-02-18,Yoga,North,Non-member,43,45.41,0.3,1366.84
2024-07-06,Pilates,West,Non-member,25,31.49,0.27,574.69
2024-08-05,Yoga,East,Non-member,3,17.36,0.14,44.79
2024-12-27,Yoga,West,Member,35,79.66,0.27,2035.31
2024-08-18,Pilates,North,Non-member,21,34.06,0.04,686.65
2024-08-09,Pilates,South,Non-member,13,68.04,0.18,725.31
2024-03-22,Yoga,East,Member,41,61.14,0.2,2005.39
2024-01-30,Yoga,North,Non-member,20,86.69,0.04,1664.45
2024-07-22,Zumba,West,Non-member,8,71.14,0.17,472.37
2024-02-24,Yoga,South,Non-member,11,57.91,0.24,484.13
2024-10-22,CrossFit,West,Member,27,57.71,0.16,1308.86
2024-09-23,Yoga,West,Non-member,48,91.15,0.27,3193.9
2024-08-13,Zumba,East,Non-member,2,54.51,0.09,99.21
2024-01-13,CrossFit,East,Member,31,63.37,0.21,1551.93
2024-05-26,Yoga,East,Member,2,94.25,0.18,154.57
2024-09-08,CrossFit,West,Non-member,49,23.73,0.01,1151.14
2024-01-13,Pilates,North,Non-member,47,26.22,0.02,1207.69
2024-03-01,Pilates,North,Member,11,61.59,0.12,596.19
2024-09-18,Zumba,North,Non-member,22,79.95,0.27,1284.0
2024-11-30,Pilates,South,Non-member,20,26.35,0.3,368.9
2024-01-29,Zumba,South,Member,29,63.2,0.22,1429.58
2024-02-17,Pilates,West,Non-member,32,61.31,0.19,1589.16
2024-06-09,CrossFit,West,Non-member,44,49.96,0.24,1670.66
2024-05-24,Pilates,East,Member,29,62.56,0.23,1396.96
2024-03-19,Yoga,South,Non-member,28,29.05,0.14,699.52
2024-08-30,Pilates,West,Member,39,18.21,0.25,532.64
2024-02-14,Zumba,South,Non-member,28,30.66,0.23,661.03
2024-05-04,Pilates,South,Non-member,30,10.86,0.27,237.83
2024-11-14,Pilates,North,Member,2,32.96,0.14,56.69
2024-09-27,Pilates,South,Member,22,77.11,0.22,1323.21
2024-06-06,Pilates,East,Non-member,4,65.14,0.08,239.72
2024-05-28,CrossFit,East,Non-member,43,79.7,0.14,2947.31
2024-03-04,Zumba,North,Member,17,38.67,0.1,591.65
2024-06-25,Zumba,North,Member,42,99.71,0.22,3266.5
2024-07-23,CrossFit,West,Non-member,25,83.53,0.07,1942.07
2024-09-28,Zumba,East,Member,40,53.35,0.27,1557.82
2024-09-05,Zumba,West,Member,8,29.91,0.26,177.07
2024-01-31,Yoga,South,Member,32,11.48,0.14,315.93
2024-03-15,Zumba,West,Member,20,20.6,0.09,374.92
2024-06-11,Zumba,South,Non-member,26,65.81,0.09,1557.06
2024-10-25,CrossFit,South,Member,31,60.96,0.09,1719.68
2024-04-08,CrossFit,East,Non-member,21,28.6,0.24,456.46
2024-05-10,Pilates,West,Non-member,9,80.23,0.19,584.88
2024-06-17,Pilates,North,Non-member,34,54.8,0.27,1360.14
2024-07-12,Zumba,East,Member,7,43.15,0.06,283.93
2024-01-06,Pilates,South,Non-member,38,28.57,0.29,770.82
2024-02-22,Pilates,North,Non-member,38,32.1,0.28,878.26
2024-06-06,Pilates,East,Non-member,7,37.5,0.01,259.88
2024-12-17,Yoga,West,Non-member,42,18.42,0.09,704.01
2024-12-04,CrossFit,North,Member,28,89.96,0.03,2443.31
2024-04-12,Zumba,West,Member,50,42.04,0.22,1639.56
2024-12-28,Yoga,North,Non-member,13,59.52,0.18,634.48
2024-11-20,CrossFit,North,Member,10,85.01,0.24,646.08
2024-08-10,Yoga,East,Non-member,28,37.56,0.02,1030.65
2024-02-02,Pilates,North,Member,30,98.6,0.01,2928.42
2024-03-04,Zumba,North,Member,47,24.03,0.06,1061.65
2024-08-20,Pilates,West,Non-member,16,93.71,0.06,1409.4
2024-01-12,Zumba,East,Non-member,43,69.06,0.21,2345.97
2024-09-02,Pilates,South,Member,20,25.18,0.18,412.95
2024-01-09,CrossFit,West,Member,31,54.63,0.22,1320.95
2024-06-19,Zumba,West,Member,24,38.77,0.04,893.26
2024-01-07,Yoga,South,Non-member,42,80.1,0.09,3061.42
2024-11-09,Yoga,North,Member,31,55.11,0.25,1281.31
2024-12-21,Zumba,North,Member,41,72.31,0.29,2104.94
2024-11-15,Pilates,East,Non-member,37,66.73,0.19,1999.9
2024-10-15,Pilates,East,Member,45,53.53,0.27,1758.46
2024-04-15,Zumba,South,Member,48,36.13,0.26,1283.34
2024-03-12,Yoga,West,Non-member,40,67.27,0.11,2394.81
2024-11-03,Zumba,West,Member,50,25.63,0.2,1025.2
2024-09-10,Pilates,East,Member,33,12.62,0.18,341.5
2024-05-06,Zumba,North,Non-member,46,79.76,0.3,2568.27
2024-12-11,CrossFit,North,Non-member,33,75.16,0.12,2182.65
2024-09-16,CrossFit,North,Non-member,9,12.4,0.02,109.37
2024-09-14,Pilates,West,Member,11,49.43,0.16,456.73
2024-05-28,Yoga,South,Non-member,48,60.51,0.19,2352.63
2024-11-18,Pilates,South,Member,30,10.18,0.19,247.37
2024-09-01,Pilates,South,Non-member,16,70.8,0.27,826.94
2024-04-16,Pilates,South,Non-member,20,53.9,0.06,1013.32
2024-08-12,Pilates,West,Non-member,8,81.39,0.03,631.59
2024-06-03,Yoga,North,Non-member,18,37.0,0.25,499.5
2024-07-25,CrossFit,East,Non-member,17,98.62,0.06,1575.95
2024-09-19,Zumba,East,Non-member,17,17.08,0.03,281.65
2024-01-06,Zumba,West,Member,37,15.24,0.1,507.49
2024-09-25,Yoga,South,Member,12,40.35,0.08,445.46
2024-09-30,Zumba,South,Non-member,25,25.36,0.15,538.9
2024-08-29,CrossFit,East,Non-member,3,23.11,0.28,49.92
2024-07-09,Pilates,East,Member,28,69.67,0.28,1404.55
2024-10-20,Pilates,East,Member,35,86.15,0.18,2472.5
2024-03-16,Yoga,West,Member,11,71.34,0.0,784.74
2024-04-06,Zumba,East,Member,40,74.92,0.1,2697.12
2024-11-01,CrossFit,North,Member,17,30.23,0.04,493.35
2024-09-21,CrossFit,North,Non-member,39,53.79,0.14,1804.12
2024-02-28,Zumba,North,Member,46,83.03,0.22,2979.12
2024-06-11,CrossFit,North,Member,11,98.05,0.1,970.7
2024-02-24,CrossFit,West,Member,2,41.77,0.29,59.31
2024-01-09,Zumba,West,Non-member,7,15.5,0.01,107.42
2024-11-08,Yoga,West,Non-member,7,74.12,0.25,389.13
2024-07-06,Pilates,East,Member,34,73.51,0.07,2324.39
2024-12-04,Pilates,West,Member,18,19.78,0.13,309.75
2024-01-18,Zumba,East,Member,7,49.93,0.25,262.13
2024-09-08,Yoga,South,Non-member,26,85.26,0.16,1862.08
2024-09-06,CrossFit,East,Member,16,43.16,0.04,662.94
2024-09-12,Zumba,West,Member,30,45.43,0.03,1322.01
2024-08-08,Zumba,North,Non-member,17,42.5,0.17,599.67
2024-11-24,Yoga,North,Non-member,28,82.54,0.16,1941.34
2024-02-04,Pilates,West,Member,48,43.25,0.19,1681.56
2024-06-26,CrossFit,East,Member,5,75.0,0.13,326.25
2024-03-06,Zumba,West,Member,33,50.68,0.01,1655.72
2024-12-13,Zumba,South,Non-member,2,59.46,0.11,105.84
2024-01-14,Zumba,East,Non-member,27,57.49,0.21,1226.26
2024-12-14,CrossFit,South,Member,27,98.87,0.13,2322.46
2024-08-22,CrossFit,East,Non-member,44,47.39,0.16,1751.53
2024-12-20,CrossFit,North,Member,21,51.22,0.25,806.71
2024-04-30,Yoga,South,Non-member,2,90.44,0.0,180.88
2024-05-10,Yoga,West,Non-member,33,62.01,0.22,1596.14
2024-12-13,Pilates,West,Member,6,65.72,0.26,291.8
2024-12-18,CrossFit,South,Member,15,57.86,0.18,711.68
2024-12-14,Yoga,North,Non-member,33,81.84,0.3,1890.5
2024-12-26,CrossFit,West,Non-member,4,92.37,0.08,339.92
2024-03-31,Zumba,West,Non-member,26,76.08,0.11,1760.49
2024-08-18,Pilates,West,Member,10,67.24,0.16,564.82
2024-12-28,Zumba,East,Member,16,29.08,0.29,330.35
2024-08-05,Zumba,North,Non-member,43,10.83,0.25,349.27
2024-07-27,Yoga,South,Member,36,73.52,0.1,2382.05
2024-08-04,Yoga,North,Member,2,48.69,0.02,95.43
2024-04-20,Yoga,South,Non-member,33,53.63,0.16,1486.62
2024-06-03,Pilates,East,Member,4,27.9,0.12,98.21
2024-11-29,Yoga,North,Non-member,28,79.19,0.07,2062.11
2024-02-26,CrossFit,North,Non-member,5,44.61,0.18,182.9
2024-02-10,CrossFit,South,Member,24,34.88,0.29,594.36
2024-08-08,Zumba,South,Member,30,88.86,0.22,2079.32
2024-12-10,Pilates,North,Member,45,10.78,0.14,417.19
2024-01-25,CrossFit,West,Non-member,32,36.37,0.16,977.63
2024-06-16,Yoga,South,Member,38,61.79,0.08,2160.18
2024-05-10,Pilates,East,Non-member,47,36.76,0.06,1624.06
2024-03-14,Yoga,South,Member,5,63.48,0.22,247.57
2024-04-28,CrossFit,East,Non-member,1,14.48,0.07,13.47
2024-01-02,CrossFit,West,Non-member,38,81.0,0.19,2493.18
2024-05-30,Yoga,East,Non-member,7,80.96,0.08,521.38
2024-06-18,Zumba,North,Member,46,94.07,0.29,3072.33
2024-08-12,Yoga,West,Member,1,38.21,0.17,31.71
2024-04-09,CrossFit,West,Member,1,81.7,0.24,62.09
2024-04-28,Pilates,South,Member,28,98.92,0.24,2105.02
2024-02-02,CrossFit,East,Non-member,13,34.55,0.04,431.18
2024-04-25,Zumba,South,Non-member,9,32.63,0.22,229.06
2024-06-02,Yoga,North,Non-member,44,36.37,0.05,1520.27
2024-06-17,CrossFit,East,Non-member,10,73.24,0.19,593.24
2024-12-27,CrossFit,South,Non-member,46,97.09,0.28,3215.62
2024-04-12,Yoga,East,Member,24,75.17,0.3,1262.86
2024-02-25,CrossFit,East,Non-member,23,64.99,0.09,1360.24
2024-07-30,CrossFit,North,Member,35,58.6,0.16,1722.84
2024-01-15,Zumba,South,Non-member,13,70.86,0.11,819.85
2024-09-07,Yoga,North,Member,10,25.26,0.05,239.97
2024-07-04,Yoga,North,Member,31,63.94,0.07,1843.39
2024-07-17,Yoga,East,Non-member,27,71.38,0.11,1715.26
2024-11-20,Zumba,North,Member,45,12.97,0.26,431.9
2024-02-23,CrossFit,East,Member,26,44.85,0.14,1002.85
2024-02-14,Pilates,South,Non-member,15,31.31,0.3,328.75
2024-12-30,Pilates,West,Non-member,30,52.67,0.21,1248.28
2024-05-24,Zumba,North,Non-member,32,18.8,0.29,427.14
2024-09-12,Pilates,East,Member,32,11.19,0.1,322.27
2024-10-13,CrossFit,West,Non-member,12,42.16,0.1,455.33
2024-01-20,Yoga,North,Non-member,40,30.04,0.29,853.14
2024-04-18,Yoga,West,Non-member,9,29.81,0.11,238.78
2024-01-19,CrossFit,North,Non-member,13,31.78,0.16,347.04
2024-08-07,CrossFit,West,Non-member,5,62.89,0.21,248.42
2024-02-16,Zumba,West,Member,1,31.38,0.26,23.22
2024-10-10,CrossFit,East,Member,47,69.58,0.26,2419.99
2024-10-15,Yoga,North,Non-member,17,52.78,0.19,726.78
2024-12-27,Pilates,North,Non-member,40,11.25,0.3,315.0
2024-08-05,Zumba,East,Member,29,33.0,0.28,689.04
2024-04-14,Pilates,East,Non-member,13,89.41,0.06,1092.59
2024-06-07,CrossFit,East,Member,13,14.02,0.06,171.32
2024-07-10,CrossFit,South,Non-member,15,23.87,0.0,358.05
2024-09-02,Zumba,North,Non-member,29,85.84,0.15,2115.96
2024-06-28,Zumba,East,Member,33,26.86,0.03,859.79
2024-07-29,Yoga,West,Member,12,94.98,0.07,1059.98
2024-08-10,Zumba,East,Non-member,49,28.35,0.21,1097.43
2024-04-08,Pilates,South,Non-member,14,99.38,0.16,1168.71
2024-11-27,Yoga,West,Non-member,20,12.02,0.04,230.78
2024-10-05,CrossFit,West,Non-member,49,36.85,0.17,1498.69
2024-02-06,Zumba,South,Non-member,19,33.36,0.1,570.46
2024-07-29,Pilates,East,Member,45,34.7,0.16,1311.66
2024-10-10,Zumba,East,Member,41,11.87,0.08,447.74
2024-03-14,CrossFit,North,Member,45,36.56,0.28,1184.54
2024-08-09,CrossFit,West,Non-member,4,23.7,0.21,74.89
2024-10-05,Yoga,West,Member,28,95.78,0.24,2038.2
2024-12-20,Yoga,North,Member,30,13.65,0.09,372.65
2024-12-28,Yoga,East,Non-member,19,81.77,0.02,1522.56
2024-09-11,Pilates,East,Non-member,10,72.78,0.22,567.68
2024-08-10,Yoga,North,Non-member,24,97.98,0.17,1951.76
2024-05-16,Yoga,North,Member,34,30.66,0.24,792.25
2024-06-06,CrossFit,South,Member,48,93.96,0.15,3833.57
2024-02-02,Zumba,East,Non-member,8,60.65,0.12,426.98
2024-08-05,Pilates,East,Non-member,48,17.59,0.12,743.0
2024-04-12,Zumba,South,Member,26,72.44,0.2,1506.75
2024-02-15,Yoga,East,Member,49,95.83,0.27,3427.84
2024-09-19,CrossFit,South,Non-member,35,84.49,0.12,2602.29
2024-01-30,Pilates,West,Non-member,18,80.22,0.27,1054.09
2024-10-22,Yoga,South,Member,1,29.43,0.12,25.9
2024-05-08,CrossFit,East,Member,37,60.73,0.21,1775.14
2024-04-25,Yoga,West,Member,1,74.94,0.27,54.71
2024-01-08,Zumba,South,Non-member,9,92.33,0.02,814.35
2024-10-28,Pilates,West,Non-member,25,90.45,0.21,1786.39
2024-11-19,Pilates,West,Non-member,45,65.08,0.01,2899.31
2024-02-27,Yoga,East,Non-member,7,39.09,0.2,218.9
2024-11-15,Zumba,East,Member,37,85.08,0.04,3022.04
2024-06-15,Yoga,North,Member,8,41.39,0.18,271.52
2024-07-20,Yoga,South,Non-member,42,43.15,0.07,1685.44
2024-01-02,CrossFit,North,Member,44,90.29,0.16,3337.12
2024-07-29,Zumba,East,Non-member,35,55.45,0.14,1669.04
2024-04-30,Zumba,East,Member,37,88.18,0.16,2740.63
2024-07-31,CrossFit,South,Non-member,1,95.27,0.11,84.79
2024-02-09,Pilates,West,Non-member,50,78.86,0.13,3430.41
2024-06-18,CrossFit,North,Member,39,72.15,0.23,2166.66
2024-06-01,Yoga,West,Member,47,97.5,0.2,3666.0
2024-07-04,Zumba,South,Member,49,34.55,0.15,1439.01
2024-09-22,Pilates,West,Member,44,70.45,0.04,2975.81
2024-08-17,Yoga,West,Non-member,6,25.15,0.04,144.86
2024-12-16,Zumba,East,Non-member,1,20.39,0.03,19.78
2024-09-05,CrossFit,North,Member,30,20.58,0.2,493.92
2024-01-16,Zumba,South,Non-member,5,94.15,0.02,461.34
2024-11-24,CrossFit,North,Non-member,26,11.56,0.02,294.55
2024-04-27,CrossFit,West,Member,39,67.86,0.02,2593.61
2024-02-27,Pilates,North,Non-member,14,68.86,0.2,771.23
2024-09-20,Pilates,South,Member,42,36.35,0.04,1465.63
2024-10-31,Pilates,North,Non-member,21,83.15,0.19,1414.38
2024-11-01,Pilates,South,Member,19,41.97,0.06,749.58
2024-01-27,Zumba,East,Member,15,46.56,0.21,551.74
2024-10-23,Yoga,North,Non-member,12,63.28,0.28,546.74
2024-12-12,Yoga,North,Member,25,63.57,0.1,1430.32
2024-12-18,Yoga,South,Non-member,39,95.56,0.23,2869.67
2024-04-16,Zumba,South,Member,50,42.69,0.17,1771.64
2024-07-01,Pilates,East,Non-member,36,25.91,0.23,718.23
2024-03-09,Zumba,South,Non-member,1,24.09,0.0,24.09
2024-02-17,Pilates,South,Non-member,30,83.83,0.01,2489.75
2024-06-19,Pilates,South,Non-member,5,34.88,0.12,153.47
2024-09-18,Zumba,West,Non-member,48,38.15,0.04,1757.95
2024-02-08,Zumba,North,Member,36,45.36,0.09,1485.99
2024-06-07,Yoga,West,Non-member,5,71.88,0.04,345.02
2024-04-03,Pilates,South,Member,49,55.11,0.11,2403.35
2024-08-25,Zumba,East,Non-member,27,50.4,0.13,1183.9
2024-09-03,Yoga,North,Non-member,7,58.32,0.1,367.42
2024-04-15,CrossFit,North,Member,2,96.57,0.3,135.2
2024-06-23,CrossFit,West,Member,49,78.79,0.16,3243.0
2024-10-09,Yoga,South,Member,10,27.53,0.14,236.76
2024-06-08,CrossFit,South,Member,20,96.27,0.01,1906.15
2024-05-04,Zumba,South,Non-member,32,22.17,0.09,645.59
2024-04-20,Zumba,South,Member,21,97.65,0.24,1558.49
2024-01-02,Pilates,North,Member,45,29.38,0.05,1255.99
2024-04-22,Yoga,West,Member,17,90.33,0.16,1289.91
2024-07-30,Pilates,South,Non-member,20,66.86,0.24,1016.27
2024-10-10,Pilates,East,Non-member,26,10.46,0.28,195.81
2024-03-02,Zumba,East,Member,10,46.41,0.18,380.56
2024-05-14,Pilates,North,Member,36,35.03,0.01,1248.47
2024-06-03,Pilates,North,Member,22,52.93,0.24,884.99
2024-05-10,CrossFit,West,Non-member,3,88.12,0.29,187.7
2024-11-02,Zumba,East,Non-member,43,71.21,0.23,2357.76
2024-02-04,Yoga,South,Member,49,58.27,0.17,2369.84
2024-09-17,Yoga,North,Non-member,39,53.74,0.28,1509.02
2024-11-09,Pilates,East,Member,7,55.72,0.15,331.53
2024-03-31,Pilates,West,Member,1,71.92,0.03,69.76
2024-09-30,CrossFit,South,Member,9,72.43,0.03,632.31
2024-02-27,Pilates,East,Non-member,43,19.3,0.11,738.61
2024-08-18,CrossFit,West,Non-member,33,64.87,0.18,1755.38
2024-06-27,Yoga,North,Member,37,29.59,0.01,1083.88
2024-04-30,Pilates,South,Member,17,96.29,0.15,1391.39
2024-09-15,CrossFit,South,Non-member,3,86.61,0.29,184.48
2024-03-11,CrossFit,South,Member,49,39.43,0.06,1816.15
2024-09-22,Yoga,North,Non-member,18,30.39,0.13,475.91
2024-03-24,CrossFit,West,Non-member,37,43.49,0.1,1448.22
2024-01-22,Pilates,East,Member,19,19.19,0.26,269.81
2024-03-19,Pilates,South,Member,8,70.83,0.26,419.31
2024-12-05,Pilates,East,Non-member,17,47.3,0.08,739.77
2024-07-13,Yoga,North,Non-member,31,16.14,0.29,355.24
2024-04-13,Yoga,South,Non-member,24,87.98,0.04,2027.06
2024-10-03,Zumba,West,Member,23,48.24,0.14,954.19
2024-03-14,Pilates,West,Member,9,94.53,0.04,816.74
2024-04-10,CrossFit,East,Non-member,26,21.59,0.02,550.11
2024-12-07,CrossFit,East,Member,48,53.82,0.04,2480.03
2024-07-02,Zumba,North,Member,21,47.16,0.04,950.75
2024-09-26,Pilates,East,Non-member,42,34.23,0.11,1279.52
2024-03-07,Zumba,South,Member,35,66.7,0.13,2031.02
2024-01-28,Zumba,East,Member,11,11.97,0.23,101.39
2024-09-14,CrossFit,East,Member,22,15.34,0.28,242.99
2024-11-27,Pilates,West,Non-member,26,69.31,0.04,1729.98
2024-03-11,CrossFit,East,Member,42,93.79,0.01,3899.79
2024-02-03,Pilates,West,Non-member,16,21.88,0.11,311.57
2024-06-12,CrossFit,South,Non-member,14,25.19,0.12,310.34
2024-11-07,Zumba,South,Member,17,86.57,0.21,1162.64
2024-08-10,Zumba,West,Non-member,10,57.6,0.14,495.36
2024-05-30,Pilates,North,Non-member,28,46.91,0.0,1313.48
2024-07-16,Pilates,West,Non-member,22,23.73,0.27,381.1
2024-01-17,Zumba,South,Non-member,14,96.82,0.23,1043.72
2024-08-19,CrossFit,South,Member,48,93.1,0.09,4066.61
2024-05-05,Zumba,South,Member,49,42.83,0.27,1532.03
2024-04-16,CrossFit,North,Non-member,42,18.39,0.11,687.42
2024-04-25,Zumba,South,Member,44,20.69,0.01,901.26
2024-09-09,CrossFit,North,Member,50,18.02,0.24,684.76
2024-08-17,Pilates,West,Non-member,12,84.93,0.08,937.63
2024-10-15,Pilates,North,Non-member,36,98.09,0.09,3213.43
2024-06-16,Yoga,South,Member,5,61.54,0.12,270.78
2024-04-21,Pilates,North,Member,41,11.15,0.01,452.58
2024-09-12,Zumba,East,Member,10,73.26,0.14,630.04
2024-11-08,Zumba,East,Non-member,37,84.58,0.23,2409.68
2024-06-20,Zumba,South,Non-member,46,54.73,0.22,1963.71
2024-11-10,Yoga,West,Non-member,3,45.15,0.13,117.84
2024-07-14,Yoga,East,Non-member,14,11.19,0.04,150.39
2024-12-18,CrossFit,East,Member,14,34.75,0.08,447.58
2024-05-09,Zumba,East,Non-member,28,10.41,0.19,236.1
2024-08-13,Pilates,South,Non-member,37,15.2,0.1,506.16
2024-08-13,Pilates,South,Member,49,73.59,0.04,3461.67
2024-06-01,CrossFit,North,Member,42,78.69,0.04,3172.78
2024-03-14,CrossFit,East,Non-member,2,84.54,0.28,121.74
2024-08-06,Yoga,East,Non-member,11,87.39,0.22,749.81
2024-11-15,CrossFit,South,Member,3,61.81,0.23,142.78
2024-09-21,Pilates,East,Non-member,22,68.09,0.24,1138.46
2024-08-15,Yoga,South,Non-member,18,32.55,0.04,562.46
2024-01-09,Zumba,West,Member,42,45.58,0.23,1474.06
2024-02-02,Pilates,East,Non-member,47,65.39,0.04,2950.4
2024-09-30,CrossFit,West,Non-member,31,83.2,0.29,1831.23
2024-06-19,Zumba,East,Non-member,19,18.74,0.26,263.48
2024-08-31,CrossFit,South,Non-member,24,18.51,0.24,337.62
2024-01-03,Pilates,South,Member,29,80.15,0.29,1650.29
2024-09-12,Yoga,North,Member,16,48.98,0.27,572.09
2024-05-03,CrossFit,West,Non-member,26,55.0,0.0,1430.0
2024-12-21,CrossFit,North,Non-member,36,64.59,0.06,2185.73
2024-09-14,Yoga,West,Non-member,25,71.07,0.22,1385.86
2024-03-24,Yoga,West,Non-member,18,73.17,0.13,1145.84
2024-11-04,Pilates,North,Member,7,63.05,0.24,335.43
2024-01-03,Yoga,East,Member,22,41.48,0.0,912.56
2024-02-22,Yoga,West,Member,41,91.39,0.15,3184.94
2024-07-06,Zumba,West,Member,7,67.84,0.1,427.39
2024-11-17,Zumba,West,Non-member,7,96.04,0.06,631.94
2024-11-12,Yoga,South,Member,13,86.33,0.15,953.95
2024-01-19,CrossFit,West,Non-member,1,20.62,0.07,19.18
2024-03-22,Yoga,West,Non-member,49,44.97,0.05,2093.35
2024-03-04,Pilates,North,Member,3,36.78,0.06,103.72
2024-03-02,CrossFit,East,Non-member,16,47.19,0.17,626.68
2024-07-02,Yoga,North,Non-member,31,87.98,0.09,2481.92
2024-07-30,Zumba,North,Non-member,15,23.66,0.0,354.9
2024-01-08,Zumba,West,Member,1,81.6,0.15,69.36
2024-11-01,Pilates,South,Non-member,22,38.5,0.03,821.59
2024-07-07,Pilates,North,Member,6,89.91,0.11,480.12
2024-10-21,Pilates,North,Non-member,5,87.13,0.21,344.16
2024-09-29,Yoga,East,Member,26,44.1,0.02,1123.67
2024-04-10,CrossFit,North,Member,2,28.0,0.23,43.12
2024-09-19,CrossFit,East,Member,12,10.01,0.09,109.31
2024-02-12,Zumba,West,Member,13,91.23,0.04,1138.55
2024-04-07,CrossFit,South,Non-member,2,30.8,0.07,57.29
2024-09-27,CrossFit,West,Member,33,89.85,0.01,2935.4
2024-12-26,Yoga,West,Non-member,12,63.99,0.04,737.16
2024-05-31,CrossFit,East,Member,50,74.23,0.11,3303.24
2024-05-21,Zumba,West,Member,29,18.17,0.1,474.24
2024-02-02,Yoga,North,Member,48,99.94,0.05,4557.26
2024-08-19,CrossFit,East,Non-member,12,25.8,0.16,260.06
2024-06-21,Yoga,South,Member,33,54.74,0.06,1698.03
2024-03-14,Zumba,West,Member,17,53.7,0.12,803.35
2024-06-23,CrossFit,East,Member,4,26.85,0.21,84.85
2024-05-03,Zumba,East,Member,5,26.8,0.18,109.88
2024-03-30,Zumba,South,Member,26,25.39,0.29,468.7
2024-04-07,Yoga,East,Member,4,39.09,0.02,153.23
2024-01-19,Pilates,East,Non-member,25,21.84,0.28,393.12
2024-01-11,Zumba,East,Member,15,51.5,0.23,594.83
2024-09-22,CrossFit,West,Non-member,10,17.09,0.24,129.88
2024-11-21,Yoga,West,Member,24,71.25,0.15,1453.5
2024-05-03,Zumba,North,Non-member,36,17.94,0.09,587.71
2024-05-14,Yoga,East,Non-member,37,89.71,0.07,3086.92
2024-11-14,Yoga,East,Non-member,19,80.22,0.04,1463.21
2024-08-10,Pilates,North,Member,41,16.45,0.11,600.26
2024-01-04,Yoga,North,Member,37,68.51,0.15,2154.64
2024-03-23,Pilates,South,Member,15,79.79,0.09,1089.13
2024-09-02,Yoga,South,Non-member,11,50.8,0.22,435.86
2024-01-31,CrossFit,North,Non-member,16,69.74,0.28,803.4
2024-07-06,Zumba,East,Member,23,59.37,0.19,1106.06
2024-10-04,CrossFit,South,Member,4,58.81,0.28,169.37
2024-11-22,Pilates,East,Member,37,18.47,0.05,649.22
2024-12-02,CrossFit,South,Member,8,82.21,0.25,493.26
2024-09-29,Yoga,North,Non-member,47,45.53,0.05,2032.91
2024-05-05,Pilates,East,Member,14,38.94,0.26,403.42
2024-12-04,Zumba,East,Non-member,19,26.84,0.27,372.27
2024-11-11,Zumba,North,Member,24,77.32,0.09,1688.67
2024-01-02,CrossFit,East,Non-member,38,44.12,0.11,1492.14
2024-02-22,CrossFit,East,Non-member,44,41.78,0.2,1470.66
2024-06-29,Pilates,East,Non-member,1,31.38,0.2,25.1
2024-11-23,Pilates,North,Non-member,9,72.42,0.09,593.12
2024-05-27,Zumba,West,Member,37,59.87,0.13,1927.22
2024-12-28,Zumba,East,Member,10,98.26,0.01,972.77
2024-02-01,Pilates,South,Non-member,14,59.67,0.17,693.37
2024-08-20,Zumba,South,Member,31,39.73,0.2,985.3
2024-02-04,CrossFit,North,Member,14,17.71,0.24,188.43
2024-04-13,Pilates,West,Non-member,1,16.18,0.05,15.37
2024-05-04,Yoga,West,Member,41,94.25,0.21,3052.76
2024-11-21,CrossFit,North,Member,27,45.9,0.05,1177.33
2024-08-13,Zumba,North,Non-member,18,19.41,0.1,314.44
2024-09-17,Yoga,East,Member,39,45.8,0.26,1321.79
2024-07-01,Zumba,South,Non-member,47,91.63,0.27,3143.83
2024-12-02,Yoga,North,Member,43,24.03,0.08,950.63
2024-07-19,Zumba,South,Member,15,82.56,0.09,1126.94
2024-02-03,Yoga,West,Non-member,12,30.96,0.08,341.8
2024-08-25,Pilates,West,Member,43,41.02,0.13,1534.56
2024-09-11,CrossFit,South,Non-member,43,60.66,0.25,1956.28
2024-05-04,Yoga,South,Member,11,30.5,0.04,322.08
2024-03-18,CrossFit,East,Non-member,18,36.7,0.2,528.48
2024-07-17,CrossFit,East,Non-member,27,57.98,0.28,1127.13
2024-06-03,CrossFit,East,Member,10,67.69,0.23,521.21
2024-07-13,Yoga,South,Member,30,34.01,0.29,724.41
2024-10-02,CrossFit,West,Member,42,42.01,0.08,1623.27
2024-11-08,Zumba,West,Member,26,92.94,0.08,2223.12
2024-07-30,CrossFit,West,Member,46,28.74,0.17,1097.29
2024-05-12,Zumba,East,Non-member,22,69.67,0.21,1210.86
2024-04-23,Zumba,South,Non-member,34,29.16,0.0,991.44
2024-08-26,Pilates,North,Non-member,31,61.81,0.24,1456.24
2024-09-04,Zumba,East,Non-member,37,74.2,0.08,2525.77
2024-05-09,Pilates,East,Non-member,21,61.13,0.08,1181.03
2024-12-18,Pilates,South,Non-member,27,80.88,0.18,1790.68
2024-10-29,Yoga,East,Member,46,51.11,0.04,2257.02
2024-06-04,Pilates,West,Non-member,16,38.53,0.17,511.68
2024-01-21,Yoga,West,Non-member,17,67.76,0.01,1140.4
2024-04-06,Yoga,South,Non-member,2,12.2,0.06,22.94
2024-02-29,CrossFit,North,Member,38,60.32,0.2,1833.73
2024-10-25,Yoga,East,Member,27,46.21,0.23,960.71
2024-07-04,Pilates,East,Member,4,39.27,0.04,150.8
2024-01-10,CrossFit,West,Non-member,16,13.47,0.24,163.8
2024-12-14,Pilates,North,Member,19,70.74,0.12,1182.77
2024-02-10,Yoga,West,Non-member,34,65.54,0.04,2139.23
2024-05-24,Zumba,North,Non-member,37,73.67,0.2,2180.63
2024-04-01,Pilates,North,Member,2,94.14,0.17,156.27
2024-11-05,CrossFit,North,Member,6,92.71,0.23,428.32
2024-08-01,Pilates,North,Non-member,12,98.73,0.24,900.42
2024-06-07,CrossFit,South,Non-member,43,31.61,0.23,1046.61
2024-01-11,CrossFit,North,Non-member,21,65.14,0.15,1162.75
2024-11-13,CrossFit,South,Non-member,43,35.83,0.24,1170.92
2024-05-05,Zumba,North,Non-member,11,92.11,0.13,881.49
2024-09-25,CrossFit,South,Member,8,23.61,0.26,139.77
2024-12-05,Pilates,East,Non-member,6,37.67,0.11,201.16
2024-05-29,CrossFit,West,Non-member,38,49.92,0.04,1821.08
2024-12-15,CrossFit,North,Member,5,29.48,0.19,119.39
2024-07-10,Pilates,East,Member,8,35.76,0.08,263.19
2024-05-20,Zumba,East,Member,10,42.12,0.22,328.54
2024-03-20,Zumba,East,Member,19,77.43,0.23,1132.8
2024-04-05,Pilates,East,Member,8,31.61,0.24,192.19
2024-09-28,Zumba,North,Non-member,27,91.77,0.14,2130.9
2024-01-28,CrossFit,North,Member,41,91.91,0.25,2826.23
2024-06-07,Yoga,South,Member,20,70.15,0.15,1192.55
2024-02-05,Pilates,North,Non-member,20,89.89,0.01,1779.82
2024-09-22,Pilates,North,Non-member,30,73.97,0.21,1753.09
2024-05-19,Zumba,South,Non-member,35,29.34,0.25,770.18
2024-10-29,Yoga,North,Member,16,32.49,0.19,421.07
2024-11-13,CrossFit,South,Member,10,88.09,0.18,722.34
2024-02-15,Pilates,West,Member,29,31.7,0.07,854.95
2024-11-27,CrossFit,East,Member,10,12.6,0.16,105.84
2024-01-17,Pilates,West,Member,21,42.44,0.2,712.99
2024-11-25,CrossFit,North,Member,50,64.3,0.0,3215.0
2024-12-17,Pilates,West,Non-member,34,33.51,0.27,831.72
2024-08-24,Zumba,East,Non-member,13,38.56,0.08,461.18
2024-11-06,CrossFit,South,Member,12,67.85,0.19,659.5
2024-04-23,Pilates,North,Non-member,2,50.38,0.03,97.74
2024-09-14,CrossFit,East,Non-member,5,40.5,0.01,200.48
2024-10-11,Pilates,West,Non-member,42,33.54,0.06,1324.16
2024-02-19,Pilates,West,Non-member,19,22.96,0.3,305.37
2024-07-31,Zumba,North,Non-member,5,99.26,0.1,446.67
2024-02-19,Zumba,South,Non-member,7,65.76,0.01,455.72
2024-02-02,CrossFit,North,Member,45,24.23,0.05,1035.83
2024-10-11,Yoga,South,Non-member,8,93.33,0.09,679.44
2024-10-28,Zumba,East,Non-member,49,47.58,0.03,2261.48
2024-07-12,Zumba,West,Member,22,12.76,0.16,235.8
2024-09-05,CrossFit,East,Member,40,83.58,0.21,2641.13
2024-02-09,Zumba,North,Member,9,94.43,0.19,688.39
2024-01-09,Zumba,North,Non-member,2,50.53,0.21,79.84
2024-09-20,Pilates,West,Non-member,11,29.84,0.01,324.96
2024-09-13,Pilates,South,Non-member,49,98.21,0.22,3753.59
2024-01-22,CrossFit,East,Member,33,75.2,0.14,2134.18
2024-01-03,Yoga,East,Non-member,47,97.76,0.13,3997.41
2024-02-14,Zumba,West,Non-member,50,48.89,0.21,1931.16
2024-03-28,Pilates,North,Non-member,28,15.46,0.17,359.29
2024-01-25,Yoga,North,Member,10,98.19,0.1,883.71
2024-06-26,Yoga,West,Member,5,31.25,0.25,117.19
2024-04-20,Pilates,North,Member,46,26.2,0.19,976.21
2024-09-08,Yoga,North,Non-member,41,89.16,0.05,3472.78
2024-01-26,Pilates,North,Non-member,19,96.27,0.13,1591.34
2024-05-22,CrossFit,West,Non-member,44,52.6,0.07,2152.39
2024-01-29,Yoga,South,Non-member,1,71.51,0.08,65.79
2024-06-01,Yoga,South,Member,31,54.2,0.01,1663.4
2024-04-24,Zumba,East,Member,41,70.87,0.15,2469.82
2024-03-16,Zumba,West,Member,3,78.05,0.25,175.61
2024-10-25,Yoga,South,Member,11,75.97,0.24,635.11
2024-10-11,CrossFit,East,Member,34,31.36,0.22,831.67
2024-03-06,CrossFit,South,Non-member,43,95.81,0.22,3213.47
2024-04-05,CrossFit,East,Non-member,43,78.19,0.22,2622.49
2024-11-13,Pilates,North,Member,30,99.52,0.23,2298.91
2024-05-12,CrossFit,South,Non-member,4,37.71,0.02,147.82
2024-06-18,Yoga,South,Non-member,39,42.53,0.17,1376.7
2024-10-23,Zumba,North,Member,9,36.61,0.19,266.89
2024-06-22,Yoga,North,Non-member,12,72.89,0.3,612.28
2024-11-06,Zumba,East,Non-member,42,41.49,0.14,1498.62
2024-03-15,Zumba,North,Non-member,35,53.25,0.13,1621.46
2024-06-29,Pilates,West,Member,30,98.84,0.25,2223.9
2024-10-05,Zumba,East,Member,36,65.27,0.25,1762.29
2024-12-29,Zumba,East,Non-member,30,64.62,0.24,1473.34
2024-04-21,Yoga,North,Member,37,60.99,0.24,1715.04
2024-05-30,Yoga,West,Non-member,30,55.05,0.0,1651.5
2024-05-17,CrossFit,South,Member,30,71.06,0.05,2025.21
2024-09-27,Yoga,East,Non-member,14,98.04,0.02,1345.11
2024-06-03,Yoga,West,Non-member,33,88.49,0.04,2803.36
2024-05-13,Zumba,East,Non-member,33,96.65,0.1,2870.5
2024-05-15,Zumba,North,Non-member,47,83.13,0.19,3164.76
2024-12-30,CrossFit,East,Member,44,60.3,0.19,2149.09
2024-10-24,CrossFit,West,Non-member,8,83.72,0.14,575.99
2024-01-13,Zumba,South,Non-member,39,24.71,0.27,703.49
2024-10-25,Yoga,South,Member,44,42.46,0.12,1644.05
2024-03-16,Yoga,North,Member,24,40.63,0.24,741.09
2024-06-06,Pilates,South,Member,20,83.69,0.19,1355.78
2024-10-28,Pilates,West,Member,15,70.77,0.08,976.63
2024-02-01,Zumba,South,Member,29,89.46,0.06,2438.68
2024-05-26,Zumba,South,Non-member,5,67.71,0.06,318.24
2024-08-16,Zumba,South,Member,13,37.75,0.01,485.84
2024-10-21,CrossFit,North,Member,35,98.82,0.25,2594.02
2024-06-03,CrossFit,West,Non-member,29,20.77,0.09,548.12
2024-04-01,Yoga,South,Non-member,18,72.74,0.11,1165.29
2024-02-12,CrossFit,West,Non-member,31,31.96,0.22,772.79
2024-07-30,Yoga,West,Non-member,8,44.62,0.16,299.85
2024-11-17,CrossFit,West,Non-member,32,99.32,0.09,2892.2
2024-08-13,Zumba,West,Member,23,32.04,0.26,545.32
2024-10-01,Pilates,West,Non-member,45,48.76,0.08,2018.66
2024-02-02,Zumba,North,Non-member,41,85.08,0.23,2685.98
2024-09-11,Pilates,West,Non-member,37,46.22,0.1,1539.13
2024-05-09,CrossFit,East,Member,1,17.58,0.17,14.59
2024-01-25,Yoga,West,Member,29,30.5,0.2,707.6
2024-09-25,Pilates,North,Non-member,12,15.23,0.13,159.0
2024-09-09,Yoga,East,Non-member,50,60.95,0.19,2468.48
2024-10-25,CrossFit,East,Member,31,22.15,0.25,514.99
2024-03-06,Pilates,East,Member,29,64.37,0.02,1829.4
2024-10-18,Zumba,North,Member,14,44.26,0.27,452.34
2024-12-02,Yoga,South,Non-member,38,76.28,0.04,2782.69
2024-03-16,Zumba,West,Member,22,89.7,0.13,1716.86
2024-04-24,Pilates,West,Non-member,32,41.8,0.29,949.7
2024-10-30,CrossFit,South,Non-member,2,63.69,0.13,110.82
2024-07-30,Pilates,West,Member,11,35.13,0.02,378.7
2024-05-06,Zumba,South,Member,30,95.55,0.18,2350.53
2024-04-07,Zumba,North,Member,9,66.3,0.18,489.29
2024-02-28,Zumba,West,Non-member,15,45.45,0.16,572.67
2024-01-31,Yoga,South,Non-member,12,40.35,0.23,372.83
2024-06-15,Pilates,East,Non-member,12,57.46,0.05,655.04
2024-05-06,CrossFit,West,Member,11,88.84,0.04,938.15
2024-06-07,Yoga,South,Member,13,25.52,0.02,325.12
2024-03-12,Yoga,East,Member,27,31.46,0.08,781.47
2024-04-13,Yoga,North,Non-member,41,50.74,0.06,1955.52
2024-07-19,Zumba,East,Non-member,10,57.49,0.22,448.42
2024-08-26,Pilates,West,Member,14,69.77,0.21,771.66
2024-01-28,CrossFit,West,Non-member,5,37.88,0.2,151.52
2024-09-01,CrossFit,East,Non-member,9,45.84,0.07,383.68
2024-05-09,Yoga,South,Member,42,87.92,0.07,3434.16
2024-08-06,Yoga,West,Member,32,57.57,0.27,1344.84
2024-03-12,Zumba,South,Non-member,1,77.42,0.22,60.39
2024-12-21,Yoga,North,Non-member,37,64.53,0.27,1742.96
2024-04-19,Zumba,East,Member,37,45.07,0.28,1200.66
2024-05-15,Pilates,South,Non-member,20,90.27,0.08,1660.97
2024-08-06,Zumba,South,Member,6,70.02,0.26,310.89
2024-02-12,Zumba,North,Member,37,38.56,0.27,1041.51
2024-05-17,Zumba,South,Member,3,14.73,0.0,44.19
2024-12-20,Yoga,West,Member,16,80.52,0.08,1185.25
2024-12-02,Zumba,North,Non-member,20,49.41,0.06,928.91
2024-10-11,Pilates,West,Non-member,47,46.15,0.29,1540.03
2024-07-08,Zumba,North,Member,39,28.31,0.24,839.11
2024-08-05,Pilates,South,Member,50,63.88,0.28,2299.68
2024-11-11,Zumba,East,Non-member,22,19.93,0.07,407.77
2024-11-03,Zumba,North,Member,27,76.71,0.0,2071.17
2024-06-06,Pilates,South,Non-member,40,20.68,0.04,794.11
2024-11-30,Zumba,West,Non-member,25,30.28,0.17,628.31
2024-07-01,Pilates,North,Non-member,12,58.16,0.09,635.11
2024-12-26,Zumba,West,Non-member,26,96.22,0.08,2301.58
2024-09-27,Zumba,South,Non-member,14,69.87,0.25,733.64
2024-05-06,Zumba,North,Non-member,2,30.85,0.09,56.15
2024-07-14,Yoga,South,Non-member,28,94.35,0.07,2456.87
2024-06-06,Pilates,West,Non-member,24,62.48,0.01,1484.52
2024-04-07,Yoga,North,Non-member,45,81.87,0.14,3168.37
2024-12-02,CrossFit,North,Non-member,50,63.51,0.2,2540.4
2024-03-19,Pilates,West,Non-member,44,90.15,0.18,3252.61
2024-04-19,CrossFit,North,Member,24,22.71,0.21,430.58
2024-06-07,CrossFit,East,Non-member,40,55.18,0.13,1920.26
2024-03-13,Yoga,North,Non-member,1,97.08,0.15,82.52
2024-02-04,Zumba,East,Non-member,42,51.63,0.2,1734.77
2024-02-28,Pilates,East,Non-member,49,36.6,0.07,1667.86
2024-05-28,Yoga,North,Non-member,40,55.06,0.05,2092.28
2024-01-18,Pilates,East,Non-member,49,87.48,0.06,4029.33
2024-08-13,Zumba,West,Member,43,57.2,0.23,1893.89
2024-06-17,Yoga,East,Member,12,85.14,0.2,817.34
2024-10-12,Yoga,North,Member,12,23.76,0.04,273.72
2024-09-06,Pilates,West,Member,3,22.15,0.01,65.79
2024-02-14,Yoga,North,Member,44,52.36,0.25,1727.88
2024-07-21,Pilates,West,Non-member,11,75.85,0.22,650.79
2024-09-16,Pilates,North,Member,13,46.76,0.1,547.09
2024-02-29,CrossFit,East,Member,18,26.09,0.03,455.53
2024-02-22,CrossFit,West,Non-member,9,92.88,0.15,710.53
2024-02-09,Pilates,East,Non-member,13,98.35,0.16,1073.98
2024-08-20,Yoga,North,Member,39,86.55,0.05,3206.68
2024-12-03,Zumba,East,Member,6,46.31,0.12,244.52
2024-02-26,Pilates,West,Non-member,7,13.29,0.12,81.87
2024-04-07,Pilates,West,Member,37,73.79,0.23,2102.28
2024-10-05,Yoga,East,Non-member,22,69.78,0.25,1151.37
2024-01-28,CrossFit,North,Non-member,13,92.6,0.17,999.15
2024-10-05,CrossFit,North,Member,18,24.58,0.06,415.89
2024-12-01,Pilates,South,Non-member,30,37.62,0.19,914.17
2024-06-07,Yoga,South,Non-member,4,27.31,0.27,79.75
2024-01-30,CrossFit,West,Non-member,4,58.12,0.28,167.39
2024-03-06,Zumba,North,Member,47,97.5,0.05,4353.38
2024-06-03,CrossFit,South,Member,24,60.67,0.18,1193.99
2024-10-27,Yoga,South,Non-member,39,31.7,0.18,1013.77
2024-08-30,Pilates,East,Member,27,21.73,0.21,463.5
2024-07-09,Pilates,East,Non-member,24,84.47,0.19,1642.1
2024-01-16,Zumba,West,Non-member,10,32.09,0.2,256.72
2024-01-18,Pilates,East,Member,2,62.72,0.0,125.44
2024-03-06,Yoga,North,Non-member,8,25.09,0.07,186.67
2024-04-23,Yoga,West,Member,27,47.51,0.21,1013.39
2024-02-17,Zumba,East,Member,23,13.79,0.11,282.28
2024-07-24,CrossFit,East,Member,9,61.48,0.02,542.25
2024-02-12,Zumba,South,Non-member,48,43.43,0.17,1730.25
2024-03-10,Yoga,South,Member,37,99.5,0.11,3276.54
2024-09-26,Zumba,South,Non-member,22,76.49,0.11,1497.67
2024-04-06,Yoga,East,Non-member,35,81.52,0.07,2653.48
2024-04-03,Pilates,East,Member,19,41.78,0.04,762.07
2024-10-31,CrossFit,East,Non-member,12,71.25,0.04,820.8
2024-04-21,Yoga,West,Non-member,11,32.82,0.26,267.15
2024-01-09,Pilates,South,Non-member,30,41.08,0.19,998.24
2024-08-27,Yoga,South,Non-member,50,97.47,0.2,3898.8
2024-12-16,CrossFit,West,Non-member,16,89.04,0.04,1367.65
2024-11-01,CrossFit,East,Non-member,17,33.21,0.06,530.7
2024-05-22,CrossFit,West,Non-member,46,63.24,0.18,2385.41
2024-03-03,Zumba,West,Non-member,29,98.17,0.29,2021.32
2024-06-29,Yoga,North,Non-member,18,34.13,0.04,589.77
2024-03-09,Yoga,North,Non-member,2,63.2,0.28,91.01
2024-03-29,Pilates,East,Member,10,62.6,0.06,588.44
2024-04-23,Yoga,North,Non-member,36,84.94,0.03,2966.1
2024-10-16,CrossFit,East,Non-member,30,18.1,0.14,466.98
2024-05-24,Zumba,West,Non-member,34,87.81,0.04,2866.12
2024-03-16,Yoga,West,Member,25,74.85,0.15,1590.56
2024-09-08,Yoga,West,Non-member,28,45.84,0.22,1001.15
2024-08-16,CrossFit,South,Member,12,90.93,0.26,807.46
2024-08-07,Zumba,South,Member,18,90.26,0.01,1608.43
2024-03-30,Pilates,South,Non-member,50,31.05,0.08,1428.3
2024-12-15,CrossFit,North,Member,41,49.14,0.06,1893.86
2024-02-26,CrossFit,West,Non-member,3,50.11,0.26,111.24
2024-08-28,Pilates,West,Member,9,39.63,0.21,281.77
2024-09-04,CrossFit,West,Member,8,56.41,0.14,388.1
2024-01-27,CrossFit,North,Member,5,21.42,0.21,84.61
2024-01-08,Zumba,East,Member,38,80.34,0.0,3052.92
2024-11-05,Zumba,North,Member,46,88.3,0.25,3046.35
2024-05-31,Yoga,East,Non-member,20,40.36,0.26,597.33
2024-06-30,CrossFit,West,Member,41,93.38,0.12,3369.15
2024-05-18,Yoga,East,Member,23,50.38,0.06,1089.22
2024-06-11,Pilates,South,Non-member,36,40.83,0.28,1058.31
2024-02-07,CrossFit,North,Member,42,51.25,0.08,1980.3
2024-07-17,Zumba,North,Member,36,98.25,0.2,2829.6
2024-09-21,Yoga,East,Member,34,30.74,0.28,752.52
2024-01-20,CrossFit,North,Member,40,92.01,0.0,3680.4
2024-07-27,Yoga,West,Member,46,20.23,0.23,716.55
2024-06-18,Pilates,North,Member,6,11.01,0.06,62.1
2024-12-28,CrossFit,East,Non-member,44,12.33,0.26,401.46
2024-09-01,Yoga,West,Member,38,48.11,0.09,1663.64
2024-01-01,Pilates,North,Member,27,10.66,0.09,261.92
2024-10-11,CrossFit,East,Non-member,44,49.89,0.06,2063.45
2024-11-18,Zumba,East,Member,47,30.6,0.22,1121.8
2024-11-12,Zumba,North,Member,16,61.26,0.15,833.14
2024-06-09,Zumba,North,Non-member,17,41.7,0.07,659.28
2024-10-10,Yoga,South,Non-member,10,59.97,0.13,521.74
2024-03-22,Zumba,North,Member,44,81.03,0.09,3244.44
2024-07-22,Zumba,North,Member,29,24.82,0.2,575.82
2024-04-10,Yoga,South,Member,16,44.01,0.08,647.83
2024-01-30,CrossFit,East,Non-member,3,46.75,0.15,119.21
2024-07-22,Zumba,East,Member,1,66.66,0.24,50.66
2024-05-12,Yoga,East,Member,41,81.87,0.12,2953.87
2024-02-11,CrossFit,North,Member,41,31.48,0.07,1200.33
2024-10-27,Pilates,East,Member,26,55.91,0.05,1380.98
2024-09-21,Yoga,South,Non-member,25,86.36,0.06,2029.46
2024-01-09,CrossFit,East,Non-member,49,83.58,0.16,3440.15
2024-05-24,Zumba,South,Member,3,96.1,0.15,245.05
2024-06-04,Yoga,South,Member,17,39.58,0.1,605.57
2024-08-27,Yoga,North,Non-member,49,91.51,0.25,3362.99
2024-09-16,Yoga,North,Non-member,46,85.77,0.13,3432.52
2024-04-03,Yoga,North,Member,38,10.44,0.23,305.47
2024-08-25,Pilates,South,Non-member,10,91.11,0.17,756.21
2024-04-23,Pilates,North,Non-member,37,52.15,0.05,1833.07
2024-02-24,Pilates,South,Non-member,33,28.9,0.2,762.96
2024-06-27,Yoga,South,Non-member,14,83.33,0.21,921.63
2024-10-26,Yoga,North,Member,43,92.04,0.24,3007.87
2024-03-10,Yoga,South,Member,24,43.25,0.14,892.68
2024-03-02,Pilates,South,Member,9,75.47,0.18,556.97
2024-08-11,CrossFit,South,Non-member,38,21.53,0.26,605.42
2024-10-24,CrossFit,East,Member,14,74.3,0.12,915.38
2024-10-19,Yoga,East,Non-member,32,95.76,0.03,2972.39
2024-08-02,Pilates,West,Non-member,15,11.81,0.24,134.63
2024-02-21,CrossFit,North,Non-member,3,16.01,0.07,44.67
2024-07-25,CrossFit,South,Member,32,25.96,0.15,706.11
2024-05-24,Pilates,North,Member,34,48.46,0.08,1515.83
2024-02-10,Pilates,West,Non-member,30,86.41,0.06,2436.76
2024-09-16,Pilates,East,Non-member,48,93.56,0.06,4221.43
2024-07-10,Yoga,East,Non-member,33,33.77,0.3,780.09
2024-03-01,Zumba,North,Member,11,63.38,0.06,655.35
2024-05-12,Zumba,West,Member,28,62.64,0.14,1508.37
2024-08-14,Zumba,South,Non-member,27,28.34,0.22,596.84
2024-12-31,Zumba,South,Non-member,24,82.62,0.07,1844.08
2024-03-31,Zumba,East,Member,26,22.82,0.28,427.19
2024-01-20,Pilates,East,Non-member,34,82.0,0.25,2091.0
2024-01-21,Pilates,West,Member,1,11.07,0.15,9.41
2024-11-27,Pilates,West,Non-member,41,36.23,0.17,1232.91
2024-12-10,CrossFit,East,Member,48,94.73,0.27,3319.34
2024-11-02,CrossFit,South,Non-member,12,10.48,0.24,95.58
2024-01-20,Yoga,South,Non-member,7,38.85,0.1,244.76
2024-04-05,Pilates,North,Member,16,66.28,0.04,1018.06
2024-01-09,Zumba,South,Non-member,50,48.98,0.18,2008.18
2024-01-04,Zumba,East,Non-member,5,60.17,0.1,270.77
2024-03-05,Zumba,North,Member,27,81.07,0.21,1729.22
2024-10-11,Yoga,North,Member,30,22.53,0.0,675.9
2024-09-28,Pilates,South,Non-member,30,83.13,0.17,2069.94
2024-03-10,CrossFit,East,Non-member,45,49.03,0.04,2118.1
2024-05-13,Pilates,South,Member,40,45.47,0.08,1673.3
2024-11-21,Yoga,East,Non-member,32,51.39,0.1,1480.03
2024-04-02,CrossFit,North,Non-member,46,84.94,0.19,3164.86
2024-09-27,Zumba,South,Non-member,40,17.4,0.25,522.0
2024-10-11,Pilates,West,Non-member,48,70.45,0.3,2367.12
2024-09-08,Yoga,North,Member,22,70.45,0.02,1518.9
2024-02-28,Yoga,East,Non-member,9,38.57,0.19,281.18
2024-08-19,CrossFit,West,Non-member,22,75.85,0.05,1585.26
2024-01-21,Zumba,West,Member,11,18.09,0.09,181.08
2024-10-15,Zumba,East,Member,1,83.51,0.05,79.33
2024-07-14,Zumba,North,Member,6,13.29,0.24,60.6
2024-12-18,Yoga,East,Non-member,36,57.0,0.01,2031.48
2024-01-17,Zumba,East,Non-member,15,57.31,0.25,644.74
2024-10-03,Yoga,South,Member,23,34.55,0.05,754.92
2024-01-21,Zumba,West,Member,18,98.18,0.12,1555.17
2024-02-07,Pilates,West,Non-member,37,15.91,0.09,535.69
2024-04-15,Zumba,East,Non-member,11,35.16,0.24,293.94
2024-12-22,Zumba,East,Non-member,5,16.94,0.11,75.38
2024-02-17,CrossFit,North,Member,26,37.83,0.15,836.04
2024-11-12,Pilates,North,Non-member,20,65.09,0.03,1262.75
2024-03-12,Zumba,South,Non-member,5,53.83,0.16,226.09
2024-07-09,Pilates,North,Member,12,13.86,0.26,123.08
2024-08-19,Yoga,South,Member,26,74.97,0.23,1500.9
2024-02-16,Yoga,East,Non-member,41,56.75,0.06,2187.14
2024-06-09,Pilates,East,Member,19,84.94,0.3,1129.7
2024-11-18,CrossFit,East,Member,16,75.23,0.03,1167.57
2024-10-30,CrossFit,East,Non-member,7,23.95,0.15,142.5
2024-03-18,CrossFit,South,Non-member,16,20.46,0.08,301.17
2024-05-14,Pilates,East,Member,46,56.46,0.28,1869.96
2024-07-02,Yoga,East,Non-member,17,63.25,0.29,763.43
2024-10-25,Yoga,West,Member,29,44.91,0.26,963.77
2024-07-29,Zumba,South,Member,48,99.88,0.14,4123.05
2024-01-07,CrossFit,North,Member,37,27.47,0.25,762.29
2024-03-15,CrossFit,South,Non-member,18,66.39,0.28,860.41
2024-06-09,Pilates,South,Non-member,46,28.03,0.18,1057.29
2024-06-12,Yoga,South,Member,44,69.55,0.15,2601.17
2024-01-31,Zumba,East,Non-member,26,10.78,0.16,235.44
2024-03-18,CrossFit,North,Member,30,91.71,0.13,2393.63
2024-03-15,Pilates,North,Non-member,3,11.04,0.22,25.83
2024-08-27,CrossFit,South,Member,29,54.12,0.1,1412.53
2024-01-22,Zumba,South,Non-member,44,25.89,0.3,797.41
2024-03-25,Yoga,North,Non-member,50,93.13,0.18,3818.33
2024-05-13,Pilates,South,Non-member,4,50.26,0.24,152.79
2024-06-27,CrossFit,North,Non-member,26,68.84,0.16,1503.47
2024-01-23,Pilates,South,Non-member,18,50.5,0.07,845.37
2024-07-23,CrossFit,West,Non-member,47,93.14,0.25,3283.18
2024-11-06,CrossFit,South,Non-member,4,28.65,0.18,93.97
2024-02-22,Pilates,North,Non-member,41,80.48,0.11,2936.72
2024-02-09,Zumba,North,Member,34,95.87,0.08,2998.81
2024-06-16,Pilates,South,Member,31,80.43,0.15,2119.33
2024-04-16,Pilates,North,Non-member,33,20.96,0.25,518.76
2024-04-11,CrossFit,North,Member,39,24.32,0.21,749.3
2024-05-29,Zumba,West,Member,34,64.28,0.25,1639.14
2024-08-24,Pilates,East,Non-member,46,33.0,0.22,1184.04
2024-01-27,CrossFit,South,Non-member,21,20.52,0.03,417.99
2024-02-15,Yoga,North,Non-member,13,99.15,0.13,1121.39
2024-06-17,Zumba,South,Member,10,57.06,0.16,479.3
2024-06-16,CrossFit,East,Member,43,34.02,0.29,1038.63
2024-08-20,CrossFit,West,Member,6,98.86,0.16,498.25
2024-02-08,Zumba,South,Non-member,26,40.2,0.07,972.04
2024-01-18,Zumba,South,Non-member,27,38.9,0.02,1029.29
2024-08-09,Pilates,North,Member,19,77.67,0.24,1121.55
2024-04-16,Zumba,South,Non-member,23,69.68,0.05,1522.51
2024-10-01,Yoga,North,Member,7,61.96,0.05,412.03
2024-12-10,Zumba,West,Non-member,15,53.81,0.03,782.94
2024-03-07,CrossFit,West,Non-member,2,76.14,0.07,141.62
2024-07-06,Zumba,West,Member,22,75.07,0.01,1635.02
2024-03-20,Yoga,East,Member,5,82.25,0.2,329.0
2024-01-12,Yoga,East,Member,11,64.55,0.13,617.74
2024-08-11,Zumba,North,Non-member,22,39.35,0.19,701.22
2024-04-27,Yoga,West,Non-member,23,66.76,0.08,1412.64
2024-02-29,Pilates,South,Non-member,21,40.13,0.16,707.89
2024-09-10,Zumba,South,Member,28,51.27,0.04,1378.14
2024-12-19,Yoga,West,Member,2,55.76,0.2,89.22
2024-09-23,Yoga,East,Non-member,40,62.88,0.01,2490.05
2024-04-08,Pilates,North,Member,42,65.31,0.23,2112.13
2024-02-22,Zumba,North,Non-member,12,15.0,0.26,133.2
2024-03-25,Zumba,North,Non-member,6,72.5,0.16,365.4
2024-07-03,Zumba,North,Member,43,45.3,0.08,1792.07
2024-09-10,Zumba,South,Non-member,21,27.53,0.22,450.94
2024-04-28,Yoga,East,Non-member,17,57.09,0.17,805.54
2024-05-12,Pilates,South,Non-member,10,36.58,0.26,270.69
2024-02-12,CrossFit,South,Member,1,80.06,0.12,70.45
2024-09-24,Zumba,North,Non-member,11,59.52,0.26,484.49
2024-02-07,Yoga,North,Non-member,43,60.3,0.13,2255.82
2024-01-23,Pilates,North,Non-member,1,16.17,0.19,13.1
2024-08-06,Yoga,North,Member,10,10.1,0.03,97.97
2024-11-13,Zumba,East,Non-member,32,38.74,0.14,1066.12
2024-05-30,CrossFit,South,Non-member,29,16.25,0.12,414.7
2024-06-21,Pilates,North,Member,33,74.84,0.14,2123.96
2024-12-20,Zumba,South,Member,46,44.86,0.29,1465.13
2024-04-18,Zumba,North,Member,24,52.76,0.28,911.69
2024-02-29,Zumba,South,Member,1,51.66,0.01,51.14
2024-06-20,CrossFit,North,Member,20,84.49,0.2,1351.84
2024-10-16,Pilates,South,Member,37,70.93,0.05,2493.19
2024-07-22,Zumba,South,Non-member,34,22.63,0.09,700.17
2024-10-03,Yoga,South,Member,27,42.95,0.1,1043.69
2024-05-01,Yoga,West,Member,50,38.51,0.04,1848.48
2024-09-08,Yoga,East,Non-member,16,41.28,0.23,508.57
2024-03-26,CrossFit,West,Non-member,24,62.42,0.27,1093.6
2024-06-01,Zumba,North,Member,49,35.57,0.17,1446.63
2024-07-31,Yoga,South,Member,35,24.47,0.07,796.5
2024-12-19,CrossFit,North,Non-member,38,66.77,0.29,1801.45
2024-05-27,Zumba,West,Non-member,39,22.97,0.24,680.83
2024-10-28,CrossFit,West,Non-member,44,29.11,0.24,973.44
2024-07-08,Yoga,East,Non-member,40,53.69,0.11,1911.36
2024-06-23,Yoga,West,Member,42,74.48,0.28,2252.28
2024-07-23,Yoga,North,Non-member,46,29.22,0.13,1169.38
2024-01-26,Pilates,West,Member,44,31.72,0.28,1004.89
2024-12-30,Yoga,East,Member,31,74.69,0.03,2245.93
2024-08-04,Zumba,East,Member,45,58.91,0.03,2571.42
2024-02-18,Pilates,West,Non-member,31,34.95,0.21,855.93
2024-09-04,Zumba,North,Member,3,93.88,0.19,228.13
2024-02-21,Yoga,South,Non-member,35,63.86,0.25,1676.32
2024-03-24,Yoga,North,Non-member,40,92.09,0.17,3057.39
2024-02-19,Zumba,West,Non-member,29,32.72,0.14,816.04
2024-02-27,CrossFit,West,Non-member,44,98.26,0.05,4107.27
2024-01-29,Yoga,East,Non-member,23,13.8,0.1,285.66
2024-09-17,Pilates,East,Member,17,69.51,0.15,1004.42
2024-11-24,Zumba,East,Member,36,72.52,0.0,2610.72
2024-02-11,CrossFit,North,Member,7,92.78,0.22,506.58
2024-02-01,Zumba,South,Member,44,99.94,0.15,3737.76
2024-01-02,CrossFit,South,Member,42,89.18,0.15,3183.73
2024-03-06,Pilates,North,Non-member,45,67.35,0.21,2394.29
2024-06-25,Yoga,North,Non-member,17,97.79,0.09,1512.81
2024-08-16,Zumba,South,Non-member,33,59.28,0.2,1564.99
2024-05-24,Pilates,North,Member,33,92.02,0.06,2854.46
2024-03-02,Pilates,East,Non-member,28,34.12,0.06,898.04
2024-12-02,Zumba,North,Non-member,29,45.55,0.24,1003.92
2024-08-25,Pilates,South,Member,35,73.9,0.13,2250.26
2024-01-20,Zumba,East,Non-member,41,34.2,0.08,1290.02
2024-03-05,Yoga,East,Non-member,33,95.81,0.19,2561.0
2024-12-14,Pilates,East,Non-member,43,61.66,0.15,2253.67
2024-08-23,Zumba,South,Non-member,8,34.98,0.09,254.65
2024-06-19,Zumba,North,Member,33,71.39,0.22,1837.58
2024-10-07,Zumba,West,Member,45,30.9,0.0,1390.5
2024-04-21,Pilates,West,Member,46,36.19,0.25,1248.55
2024-05-08,Pilates,West,Member,6,68.26,0.12,360.41
2024-03-06,CrossFit,North,Member,10,18.76,0.28,135.07
2024-07-22,Yoga,South,Non-member,45,81.27,0.09,3328.01
2024-05-15,Yoga,South,Non-member,39,75.65,0.19,2389.78
2024-07-18,Zumba,West,Member,13,41.17,0.17,444.22
2024-08-02,CrossFit,South,Member,22,25.31,0.17,462.16
2024-09-02,Pilates,West,Member,2,32.12,0.12,56.53
2024-04-28,Pilates,South,Non-member,47,91.3,0.11,3819.08
2024-05-06,Yoga,West,Non-member,32,47.5,0.26,1124.8
2024-07-29,Zumba,East,Non-member,13,41.03,0.25,400.04
2024-01-07,Yoga,South,Non-member,12,42.3,0.29,360.4
2024-10-20,Pilates,East,Non-member,24,28.42,0.06,641.16
2024-02-09,Pilates,East,Non-member,39,78.62,0.21,2422.28
2024-05-26,Yoga,South,Non-member,17,11.22,0.12,167.85
2024-11-20,Pilates,West,Member,43,41.35,0.09,1618.03
2024-11-07,Zumba,North,Member,17,60.01,0.04,979.36
2024-07-01,CrossFit,North,Non-member,19,65.0,0.2,988.0
2024-06-13,Yoga,West,Member,12,73.49,0.24,670.23
2024-11-14,Yoga,East,Member,47,60.38,0.12,2497.32
2024-11-22,Zumba,South,Non-member,38,89.99,0.01,3385.42
2024-11-02,Yoga,East,Non-member,40,21.64,0.03,839.63
2024-09-14,Yoga,South,Non-member,32,37.87,0.08,1114.89
2024-04-12,Pilates,West,Non-member,5,89.4,0.07,415.71
2024-05-10,Zumba,South,Non-member,50,14.12,0.11,628.34
2024-02-14,Yoga,South,Non-member,19,96.39,0.25,1373.56
2024-07-31,Zumba,West,Member,8,53.32,0.03,413.76
2024-12-04,CrossFit,East,Member,13,66.68,0.27,632.79
2024-07-21,Pilates,South,Non-member,42,45.47,0.05,1814.25
2024-10-30,Pilates,North,Non-member,10,83.7,0.17,694.71
2024-04-13,CrossFit,South,Non-member,16,70.95,0.08,1044.38
2024-08-03,Zumba,East,Member,27,15.04,0.3,284.26
2024-06-20,CrossFit,South,Member,38,25.26,0.04,921.48
2024-08-01,Pilates,West,Non-member,30,27.15,0.02,798.21
2024-02-17,CrossFit,North,Member,34,57.92,0.24,1496.65
2024-12-09,CrossFit,North,Non-member,46,79.31,0.29,2590.26
2024-09-26,CrossFit,South,Non-member,11,44.65,0.2,392.92
2024-04-17,CrossFit,West,Member,6,56.79,0.27,248.74
2024-12-22,Yoga,West,Non-member,4,87.11,0.18,285.72
2024-08-22,Yoga,West,Non-member,31,14.85,0.3,322.24
2024-10-14,CrossFit,East,Member,6,68.63,0.2,329.42
2024-10-31,CrossFit,North,Non-member,32,24.08,0.28,554.8
2024-09-23,CrossFit,South,Non-member,24,38.38,0.04,884.28
2024-01-25,Pilates,South,Non-member,11,60.73,0.29,474.3
2024-06-08,Pilates,East,Non-member,48,33.56,0.23,1240.38
